year,month,region,category,revenue,profit,cost,orders,qty
2023,1,Екатеринбург,Бытовая техника,4269.0,1140.0,3129.0,1,1.0
2023,1,Екатеринбург,Канцтовары,11597.0,6091.0,5505.0,3,13.0
2023,1,Екатеринбург,Одежда,15614.0,8098.0,7516.0,3,3.0
2023,1,Екатеринбург,Электроника,3764.0,679.0,3085.0,1,1.0
2023,1,Казань,Одежда,9408.0,3884.0,5523.0,1,5.0
2023,1,Казань,Продукты,989.0,243.0,745.0,1,1.0
2023,1,Казань,Электроника,23788.0,-5939.0,29727.0,2,2.0
2023,1,Москва,Бытовая техника,43725.0,13531.0,30194.0,2,11.0
2023,1,Москва,Канцтовары,5978.0,3105.0,2873.0,4,8.0
2023,1,Москва,Одежда,13157.0,3465.0,9692.0,2,2.0
2023,1,Москва,Продукты,19101.0,6027.0,13074.0,9,33.0
2023,1,Москва,Электроника,200739.0,42491.0,158248.0,4,9.0
2023,1,Новосибирск,Бытовая техника,13836.0,3622.0,10214.0,3,3.0
2023,1,Новосибирск,Одежда,13508.0,7034.0,6474.0,1,8.0
2023,1,Новосибирск,Продукты,8503.0,2834.0,5669.0,1,9.0
2023,1,Новосибирск,Электроника,14965.0,3696.0,11269.0,1,3.0
2023,1,Ростов-на-Дону,Бытовая техника,29865.0,9545.0,20320.0,2,6.0
2023,1,Ростов-на-Дону,Канцтовары,1822.0,754.0,1068.0,1,2.0
2023,1,Ростов-на-Дону,Продукты,2434.0,832.0,1602.0,1,3.0
2023,1,Ростов-на-Дону,Электроника,31252.0,6222.0,25030.0,2,3.0
2023,1,Самара,Бытовая техника,28396.0,9191.0,19205.0,2,3.0
2023,1,Самара,Канцтовары,6435.0,3574.0,2860.0,3,7.0
2023,1,Самара,Продукты,677.0,171.0,506.0,1,1.0
2023,1,Самара,Электроника,23231.0,5728.0,17503.0,2,2.0
2023,1,Санкт-Петербург,Бытовая техника,25948.0,6680.0,19268.0,3,6.0
2023,1,Санкт-Петербург,Канцтовары,1349.0,605.0,744.0,1,3.0
2023,1,Санкт-Петербург,Одежда,3824.0,1779.0,2045.0,1,2.0
2023,1,Санкт-Петербург,Продукты,2728.0,927.0,1802.0,2,5.0
2023,1,Санкт-Петербург,Электроника,110917.0,25630.0,85287.0,4,8.0
2023,2,Екатеринбург,Бытовая техника,10082.0,2698.0,7384.0,2,2.0
2023,2,Екатеринбург,Канцтовары,4351.0,2096.0,2255.0,2,6.0
2023,2,Екатеринбург,Одежда,1777.0,640.0,1137.0,1,1.0
2023,2,Екатеринбург,Продукты,454.0,153.0,301.0,1,2.0
2023,2,Екатеринбург,Электроника,75577.0,15724.0,59852.0,1,3.0
2023,2,Казань,Канцтовары,715.0,308.0,407.0,1,1.0
2023,2,Казань,Одежда,17022.0,8335.0,8688.0,1,2.0
2023,2,Казань,Продукты,1875.0,571.0,1305.0,2,3.0
2023,2,Москва,Бытовая техника,16056.0,5141.0,10915.0,2,3.0
2023,2,Москва,Канцтовары,1132.0,593.0,538.0,2,3.0
2023,2,Москва,Одежда,89858.0,36752.0,53106.0,3,13.0
2023,2,Москва,Продукты,1870.0,535.0,1335.0,3,3.0
2023,2,Москва,Электроника,126192.0,25513.0,100679.0,2,8.0
2023,2,Новосибирск,Канцтовары,8997.0,4922.0,4074.0,4,8.0
2023,2,Новосибирск,Одежда,10734.0,-2214.0,12948.0,3,6.0
2023,2,Новосибирск,Продукты,2900.0,945.0,1955.0,2,5.0
2023,2,Новосибирск,Электроника,264800.0,61834.0,202966.0,5,16.0
2023,2,Ростов-на-Дону,Бытовая техника,16635.0,5582.0,11053.0,1,5.0
2023,2,Ростов-на-Дону,Продукты,8770.0,5819.0,2951.0,2,5.0
2023,2,Ростов-на-Дону,Электроника,86155.0,20654.0,65501.0,5,21.0
2023,2,Самара,Бытовая техника,4178.0,1076.0,3102.0,1,1.0
2023,2,Самара,Канцтовары,1761.0,865.0,895.0,2,4.0
2023,2,Самара,Одежда,4918.0,2138.0,2780.0,1,3.0
2023,2,Самара,Продукты,1348.0,455.0,893.0,1,3.0
2023,2,Самара,Электроника,49551.0,11372.0,38179.0,4,10.0
2023,2,Санкт-Петербург,Бытовая техника,30770.0,9612.0,21159.0,2,7.0
2023,2,Санкт-Петербург,Канцтовары,4050.0,2031.0,2019.0,3,11.0
2023,2,Санкт-Петербург,Одежда,69476.0,29346.0,40130.0,3,8.0
2023,2,Санкт-Петербург,Продукты,507.0,135.0,372.0,1,1.0
2023,3,Екатеринбург,Бытовая техника,10006.0,2419.0,7587.0,2,2.0
2023,3,Екатеринбург,Канцтовары,2215.0,1019.0,1196.0,4,6.0
2023,3,Екатеринбург,Одежда,56034.0,22747.0,33286.0,5,10.0
2023,3,Казань,Бытовая техника,20846.0,6580.0,14266.0,1,6.0
2023,3,Казань,Канцтовары,5280.0,2642.0,2638.0,4,5.0
2023,3,Казань,Одежда,9608.0,3941.0,5667.0,1,1.0
2023,3,Казань,Продукты,3835.0,1125.0,2709.0,2,5.0
2023,3,Казань,Электроника,5207.0,1283.0,3923.0,1,1.0
2023,3,Москва,Бытовая техника,23429.0,6185.0,17244.0,3,7.0
2023,3,Москва,Канцтовары,720.0,328.0,392.0,1,1.0
2023,3,Москва,Одежда,15652.0,7577.0,8074.0,3,3.0
2023,3,Москва,Продукты,6263.0,1957.0,4306.0,4,13.0
2023,3,Москва,Электроника,167002.0,38837.0,128164.0,5,9.0
2023,3,Новосибирск,Бытовая техника,34509.0,8719.0,25789.0,2,8.0
2023,3,Новосибирск,Канцтовары,1262.0,620.0,643.0,1,1.0
2023,3,Новосибирск,Одежда,40868.0,20593.0,20275.0,1,5.0
2023,3,Новосибирск,Продукты,1095.0,324.0,771.0,2,2.0
2023,3,Новосибирск,Электроника,7269.0,1485.0,5784.0,1,2.0
2023,3,Ростов-на-Дону,Бытовая техника,39631.0,12948.0,26683.0,2,8.0
2023,3,Ростов-на-Дону,Канцтовары,14388.0,6787.0,7601.0,3,13.0
2023,3,Ростов-на-Дону,Продукты,7334.0,4227.0,3107.0,4,10.0
2023,3,Ростов-на-Дону,Электроника,69147.0,15702.0,53445.0,1,3.0
2023,3,Самара,Бытовая техника,71418.0,18972.0,52446.0,3,7.0
2023,3,Самара,Канцтовары,13176.0,5941.0,7235.0,2,15.0
2023,3,Самара,Одежда,26179.0,11031.0,15148.0,2,5.0
2023,3,Самара,Продукты,10253.0,3367.0,6887.0,1,12.0
2023,3,Самара,Электроника,7119.0,1521.0,5597.0,1,2.0
2023,3,Санкт-Петербург,Бытовая техника,19007.0,5981.0,13026.0,3,4.0
2023,3,Санкт-Петербург,Канцтовары,9901.0,5325.0,4576.0,4,13.0
2023,3,Санкт-Петербург,Одежда,50139.0,24095.0,26044.0,4,8.0
2023,3,Санкт-Петербург,Продукты,237.0,84.0,152.0,1,1.0
2023,3,Санкт-Петербург,Электроника,22605.0,5545.0,17059.0,2,2.0
2023,4,Екатеринбург,Канцтовары,429.0,194.0,235.0,1,1.0
2023,4,Екатеринбург,Одежда,38335.0,16997.0,21338.0,2,6.0
2023,4,Екатеринбург,Продукты,1246.0,416.0,830.0,1,2.0
2023,4,Екатеринбург,Электроника,7080.0,1559.0,5521.0,2,2.0
2023,4,Казань,Бытовая техника,20200.0,5488.0,14711.0,2,6.0
2023,4,Казань,Канцтовары,4235.0,2483.0,1752.0,1,11.0
2023,4,Казань,Одежда,20905.0,10000.0,10904.0,2,3.0
2023,4,Казань,Продукты,1849.0,541.0,1308.0,3,4.0
2023,4,Казань,Электроника,67332.0,16924.0,50408.0,4,5.0
2023,4,Москва,Бытовая техника,37639.0,9719.0,27920.0,2,5.0
2023,4,Москва,Канцтовары,5590.0,2914.0,2676.0,4,11.0
2023,4,Москва,Одежда,47179.0,22554.0,24625.0,4,9.0
2023,4,Москва,Продукты,15283.0,4512.0,10771.0,8,23.0
2023,4,Москва,Электроника,263968.0,41117.0,222851.0,5,11.0
2023,4,Новосибирск,Бытовая техника,16204.0,3789.0,12415.0,1,4.0
2023,4,Новосибирск,Канцтовары,1326.0,556.0,770.0,1,1.0
2023,4,Новосибирск,Продукты,868.0,251.0,617.0,1,1.0
2023,4,Ростов-на-Дону,Бытовая техника,47817.0,12613.0,35204.0,2,7.0
2023,4,Ростов-на-Дону,Канцтовары,411.0,217.0,193.0,1,1.0
2023,4,Ростов-на-Дону,Продукты,1452.0,493.0,959.0,2,3.0
2023,4,Самара,Продукты,707.0,234.0,473.0,1,3.0
2023,4,Самара,Электроника,12554.0,2333.0,10221.0,1,2.0
2023,4,Санкт-Петербург,Бытовая техника,10375.0,3170.0,7205.0,1,3.0
2023,4,Санкт-Петербург,Канцтовары,972.0,408.0,564.0,1,2.0
2023,4,Санкт-Петербург,Одежда,190950.0,96499.0,94451.0,3,22.0
2023,4,Санкт-Петербург,Продукты,3904.0,1060.0,2844.0,4,7.0
2023,4,Санкт-Петербург,Электроника,85042.0,20387.0,64654.0,2,9.0
2023,5,Екатеринбург,Бытовая техника,28974.0,7870.0,21103.0,3,6.0
2023,5,Екатеринбург,Канцтовары,7459.0,3485.0,3974.0,5,10.0
2023,5,Екатеринбург,Одежда,9306.0,4996.0,4310.0,1,1.0
2023,5,Екатеринбург,Продукты,1033.0,323.0,710.0,1,1.0
2023,5,Екатеринбург,Электроника,35169.0,7352.0,27817.0,4,5.0
2023,5,Казань,Бытовая техника,10541.0,2852.0,7689.0,1,2.0
2023,5,Казань,Канцтовары,2991.0,1645.0,1346.0,2,5.0
2023,5,Казань,Одежда,1778.0,859.0,919.0,1,1.0
2023,5,Казань,Продукты,2636.0,693.0,1943.0,2,4.0
2023,5,Казань,Электроника,3312.0,708.0,2603.0,1,1.0
2023,5,Москва,Бытовая техника,55446.0,15324.0,40122.0,3,9.0
2023,5,Москва,Канцтовары,14503.0,9689.0,4814.0,5,17.0
2023,5,Москва,Одежда,138249.0,61360.0,76889.0,9,24.0
2023,5,Москва,Продукты,3081.0,873.0,2207.0,2,7.0
2023,5,Москва,Электроника,62580.0,13134.0,49447.0,3,6.0
2023,5,Новосибирск,Канцтовары,726.0,435.0,292.0,1,1.0
2023,5,Новосибирск,Продукты,2032.0,637.0,1395.0,1,3.0
2023,5,Новосибирск,Электроника,57681.0,12644.0,45037.0,3,3.0
2023,5,Ростов-на-Дону,Канцтовары,7008.0,3811.0,3197.0,2,12.0
2023,5,Ростов-на-Дону,Электроника,25307.0,4657.0,20650.0,1,2.0
2023,5,Самара,Канцтовары,1131.0,634.0,496.0,3,3.0
2023,5,Самара,Одежда,28676.0,14873.0,13803.0,1,4.0
2023,5,Самара,Продукты,2756.0,895.0,1861.0,3,7.0
2023,5,Самара,Электроника,46995.0,10751.0,36244.0,4,4.0
2023,5,Санкт-Петербург,Бытовая техника,167268.0,45070.0,122199.0,5,19.0
2023,5,Санкт-Петербург,Канцтовары,2007.0,1025.0,982.0,1,4.0
2023,5,Санкт-Петербург,Одежда,231321.0,104329.0,126991.0,6,29.0
2023,5,Санкт-Петербург,Электроника,37452.0,-10168.0,47620.0,2,10.0
2023,6,Екатеринбург,Канцтовары,5305.0,3542.0,1763.0,2,5.0
2023,6,Екатеринбург,Продукты,986.0,314.0,671.0,2,2.0
2023,6,Екатеринбург,Электроника,53705.0,10589.0,43115.0,1,2.0
2023,6,Казань,Бытовая техника,32944.0,10862.0,22083.0,1,2.0
2023,6,Казань,Канцтовары,715.0,403.0,312.0,1,1.0
2023,6,Казань,Одежда,8134.0,3186.0,4948.0,2,2.0
2023,6,Казань,Электроника,159729.0,29379.0,130350.0,1,6.0
2023,6,Москва,Бытовая техника,128357.0,35409.0,92948.0,6,18.0
2023,6,Москва,Канцтовары,398.0,234.0,165.0,1,1.0
2023,6,Москва,Одежда,14636.0,7662.0,6974.0,3,4.0
2023,6,Москва,Продукты,5677.0,1550.0,4128.0,4,9.0
2023,6,Москва,Электроника,3390.0,794.0,2597.0,1,1.0
2023,6,Новосибирск,Одежда,8047.0,4144.0,3903.0,2,4.0
2023,6,Новосибирск,Электроника,17138.0,4389.0,12748.0,1,1.0
2023,6,Ростов-на-Дону,Бытовая техника,13430.0,3855.0,9575.0,3,4.0
2023,6,Ростов-на-Дону,Канцтовары,5295.0,4323.0,972.0,2,4.0
2023,6,Ростов-на-Дону,Одежда,41532.0,19994.0,21538.0,4,10.0
2023,6,Ростов-на-Дону,Продукты,3179.0,904.0,2275.0,3,9.0
2023,6,Ростов-на-Дону,Электроника,95201.0,20917.0,74284.0,5,7.0
2023,6,Самара,Бытовая техника,12982.0,3737.0,9244.0,1,1.0
2023,6,Самара,Одежда,4300.0,1915.0,2385.0,1,2.0
2023,6,Самара,Продукты,2003.0,621.0,1382.0,2,5.0
2023,6,Санкт-Петербург,Бытовая техника,4896.0,1282.0,3614.0,1,1.0
2023,6,Санкт-Петербург,Канцтовары,4788.0,2644.0,2143.0,2,8.0
2023,6,Санкт-Петербург,Одежда,48706.0,23961.0,24745.0,5,8.0
2023,6,Санкт-Петербург,Электроника,3197.0,752.0,2444.0,1,1.0
2023,7,Екатеринбург,Канцтовары,13262.0,6471.0,6792.0,2,11.0
2023,7,Екатеринбург,Одежда,13227.0,6272.0,6955.0,2,3.0
2023,7,Екатеринбург,Продукты,1192.0,319.0,873.0,2,2.0
2023,7,Казань,Бытовая техника,3270.0,755.0,2515.0,1,1.0
2023,7,Казань,Канцтовары,1480.0,825.0,655.0,1,2.0
2023,7,Казань,Продукты,812.0,211.0,601.0,1,3.0
2023,7,Москва,Бытовая техника,35141.0,9925.0,25216.0,5,7.0
2023,7,Москва,Канцтовары,3067.0,1560.0,1507.0,4,5.0
2023,7,Москва,Одежда,67649.0,28210.0,39438.0,5,10.0
2023,7,Москва,Продукты,5265.0,1638.0,3627.0,6,10.0
2023,7,Москва,Электроника,62946.0,14108.0,48838.0,2,3.0
2023,7,Новосибирск,Одежда,6738.0,2932.0,3805.0,1,1.0
2023,7,Новосибирск,Электроника,147978.0,31846.0,116133.0,2,8.0
2023,7,Ростов-на-Дону,Бытовая техника,5090.0,1301.0,3789.0,1,1.0
2023,7,Ростов-на-Дону,Канцтовары,7321.0,5587.0,1734.0,3,5.0
2023,7,Ростов-на-Дону,Продукты,5853.0,1672.0,4180.0,4,9.0
2023,7,Ростов-на-Дону,Электроника,5544.0,1275.0,4269.0,1,1.0
2023,7,Самара,Канцтовары,2269.0,1207.0,1062.0,2,3.0
2023,7,Самара,Продукты,3067.0,738.0,2329.0,1,3.0
2023,7,Самара,Электроника,68204.0,15234.0,52971.0,1,3.0
2023,7,Санкт-Петербург,Бытовая техника,9033.0,2202.0,6832.0,2,2.0
2023,7,Санкт-Петербург,Канцтовары,5058.0,2576.0,2482.0,1,4.0
2023,7,Санкт-Петербург,Одежда,49792.0,20998.0,28794.0,6,20.0
2023,7,Санкт-Петербург,Продукты,750.0,224.0,526.0,2,3.0
2023,7,Санкт-Петербург,Электроника,36718.0,3608.0,33110.0,3,5.0
2023,8,Екатеринбург,Канцтовары,1521.0,832.0,689.0,2,2.0
2023,8,Екатеринбург,Продукты,4799.0,1184.0,3616.0,2,10.0
2023,8,Казань,Бытовая техника,4208.0,1222.0,2986.0,1,1.0
2023,8,Казань,Канцтовары,688.0,364.0,324.0,1,1.0
2023,8,Казань,Одежда,6606.0,2690.0,3916.0,1,1.0
2023,8,Казань,Продукты,4830.0,4422.0,408.0,1,1.0
2023,8,Казань,Электроника,154286.0,38740.0,115546.0,2,8.0
2023,8,Москва,Бытовая техника,22167.0,6467.0,15699.0,2,5.0
2023,8,Москва,Канцтовары,2479.0,1359.0,1120.0,4,6.0
2023,8,Москва,Одежда,34497.0,13334.0,21163.0,4,7.0
2023,8,Москва,Продукты,12407.0,3836.0,8570.0,5,25.0
2023,8,Москва,Электроника,8589.0,1655.0,6934.0,2,2.0
2023,8,Новосибирск,Бытовая техника,25655.0,8016.0,17639.0,1,2.0
2023,8,Новосибирск,Одежда,24071.0,12008.0,12064.0,1,5.0
2023,8,Новосибирск,Продукты,476.0,115.0,361.0,1,1.0
2023,8,Новосибирск,Электроника,68067.0,14487.0,53580.0,2,14.0
2023,8,Ростов-на-Дону,Бытовая техника,63869.0,18608.0,45261.0,4,7.0
2023,8,Ростов-на-Дону,Канцтовары,18167.0,10237.0,7930.0,5,25.0
2023,8,Ростов-на-Дону,Одежда,6938.0,3215.0,3723.0,1,1.0
2023,8,Ростов-на-Дону,Продукты,1059.0,356.0,703.0,1,4.0
2023,8,Ростов-на-Дону,Электроника,19789.0,3667.0,16122.0,2,4.0
2023,8,Самара,Бытовая техника,49320.0,14030.0,35290.0,2,10.0
2023,8,Самара,Канцтовары,2330.0,1171.0,1159.0,2,2.0
2023,8,Самара,Одежда,22058.0,8879.0,13179.0,2,3.0
2023,8,Самара,Электроника,68620.0,13252.0,55368.0,4,7.0
2023,8,Санкт-Петербург,Канцтовары,1827.0,1011.0,816.0,2,2.0
2023,8,Санкт-Петербург,Одежда,23981.0,10742.0,13239.0,5,5.0
2023,8,Санкт-Петербург,Продукты,5188.0,1533.0,3655.0,4,7.0
2023,8,Санкт-Петербург,Электроника,114846.0,25096.0,89750.0,4,14.0
2023,9,Екатеринбург,Канцтовары,5875.0,2924.0,2951.0,2,12.0
2023,9,Екатеринбург,Продукты,1962.0,550.0,1413.0,2,6.0
2023,9,Екатеринбург,Электроника,26312.0,5278.0,21034.0,1,5.0
2023,9,Казань,Бытовая техника,65570.0,20258.0,45312.0,2,5.0
2023,9,Казань,Канцтовары,2294.0,1302.0,992.0,2,4.0
2023,9,Казань,Одежда,3482.0,1380.0,2102.0,1,2.0
2023,9,Казань,Продукты,5327.0,4367.0,961.0,2,4.0
2023,9,Казань,Электроника,115070.0,26060.0,89010.0,4,6.0
2023,9,Москва,Бытовая техника,79089.0,23055.0,56034.0,8,18.0
2023,9,Москва,Канцтовары,13829.0,6694.0,7135.0,7,16.0
2023,9,Москва,Одежда,60901.0,30049.0,30852.0,3,10.0
2023,9,Москва,Продукты,5378.0,4671.0,707.0,3,3.0
2023,9,Москва,Электроника,81835.0,19225.0,62610.0,2,5.0
2023,9,Новосибирск,Бытовая техника,22193.0,6103.0,16091.0,3,6.0
2023,9,Новосибирск,Канцтовары,3384.0,1578.0,1806.0,3,4.0
2023,9,Новосибирск,Одежда,4830.0,-4595.0,9425.0,1,2.0
2023,9,Новосибирск,Электроника,340270.0,83737.0,256532.0,1,12.0
2023,9,Ростов-на-Дону,Бытовая техника,4830.0,-66942.0,71772.0,1,8.0
2023,9,Ростов-на-Дону,Канцтовары,6926.0,3143.0,3783.0,4,13.0
2023,9,Ростов-на-Дону,Одежда,9621.0,4184.0,5437.0,1,2.0
2023,9,Ростов-на-Дону,Продукты,989.0,296.0,692.0,2,4.0
2023,9,Ростов-на-Дону,Электроника,235706.0,52415.0,183291.0,1,10.0
2023,9,Самара,Бытовая техника,16044.0,3976.0,12068.0,1,3.0
2023,9,Самара,Одежда,4503.0,2011.0,2492.0,1,1.0
2023,9,Самара,Продукты,5763.0,1881.0,3882.0,2,22.0
2023,9,Самара,Электроника,7010.0,1421.0,5590.0,2,2.0
2023,9,Санкт-Петербург,Бытовая техника,68133.0,17588.0,50546.0,3,9.0
2023,9,Санкт-Петербург,Канцтовары,5655.0,2533.0,3122.0,3,6.0
2023,9,Санкт-Петербург,Одежда,35658.0,12359.0,23299.0,4,7.0
2023,9,Санкт-Петербург,Продукты,6823.0,2153.0,4670.0,4,13.0
2023,9,Санкт-Петербург,Электроника,81867.0,19591.0,62276.0,2,4.0
2023,10,Екатеринбург,Бытовая техника,30307.0,9270.0,21037.0,2,6.0
2023,10,Екатеринбург,Одежда,9132.0,4604.0,4528.0,2,2.0
2023,10,Екатеринбург,Электроника,130233.0,31654.0,98580.0,2,5.0
2023,10,Казань,Одежда,25101.0,13217.0,11884.0,1,3.0
2023,10,Казань,Продукты,9258.0,4318.0,4941.0,4,12.0
2023,10,Москва,Бытовая техника,122973.0,37091.0,85882.0,5,12.0
2023,10,Москва,Канцтовары,5559.0,2831.0,2728.0,1,7.0
2023,10,Москва,Одежда,112657.0,48237.0,64420.0,3,18.0
2023,10,Москва,Продукты,14369.0,7654.0,6715.0,7,13.0
2023,10,Москва,Электроника,99091.0,22749.0,76342.0,5,14.0
2023,10,Новосибирск,Бытовая техника,3529.0,1047.0,2482.0,1,1.0
2023,10,Новосибирск,Канцтовары,5322.0,3718.0,1604.0,2,4.0
2023,10,Новосибирск,Одежда,43129.0,18147.0,24982.0,3,10.0
2023,10,Новосибирск,Продукты,2882.0,982.0,1900.0,2,11.0
2023,10,Новосибирск,Электроника,11025.0,2384.0,8641.0,2,2.0
2023,10,Ростов-на-Дону,Одежда,11440.0,5094.0,6346.0,2,2.0
2023,10,Самара,Бытовая техника,27022.0,8582.0,18440.0,3,6.0
2023,10,Самара,Канцтовары,2506.0,1158.0,1348.0,3,4.0
2023,10,Санкт-Петербург,Бытовая техника,8975.0,2909.0,6066.0,1,2.0
2023,10,Санкт-Петербург,Канцтовары,430.0,225.0,205.0,1,1.0
2023,10,Санкт-Петербург,Одежда,16260.0,7676.0,8584.0,3,3.0
2023,10,Санкт-Петербург,Продукты,11759.0,6592.0,5167.0,4,11.0
2023,10,Санкт-Петербург,Электроника,199659.0,39790.0,159869.0,3,8.0
2023,11,Екатеринбург,Канцтовары,420.0,172.0,247.0,1,1.0
2023,11,Екатеринбург,Продукты,2493.0,667.0,1826.0,1,4.0
2023,11,Екатеринбург,Электроника,293736.0,62326.0,231409.0,2,14.0
2023,11,Казань,Бытовая техника,39365.0,12753.0,26612.0,1,3.0
2023,11,Казань,Канцтовары,9047.0,5057.0,3990.0,4,9.0
2023,11,Казань,Одежда,1724.0,686.0,1038.0,1,2.0
2023,11,Казань,Продукты,8755.0,2943.0,5813.0,2,18.0
2023,11,Казань,Электроника,251323.0,51665.0,199658.0,1,9.0
2023,11,Москва,Бытовая техника,2965.0,977.0,1988.0,1,1.0
2023,11,Москва,Канцтовары,19066.0,11781.0,7285.0,4,22.0
2023,11,Москва,Одежда,103169.0,41026.0,62142.0,4,15.0
2023,11,Москва,Продукты,3918.0,1283.0,2636.0,4,9.0
2023,11,Москва,Электроника,100858.0,20106.0,80752.0,3,6.0
2023,11,Новосибирск,Бытовая техника,175605.0,44685.0,130920.0,1,15.0
2023,11,Новосибирск,Одежда,8510.0,3114.0,5397.0,1,2.0
2023,11,Новосибирск,Продукты,1480.0,356.0,1124.0,1,3.0
2023,11,Новосибирск,Электроника,45212.0,9545.0,35666.0,2,3.0
2023,11,Ростов-на-Дону,Бытовая техника,30395.0,9082.0,21313.0,1,6.0
2023,11,Ростов-на-Дону,Канцтовары,15786.0,7176.0,8610.0,3,14.0
2023,11,Ростов-на-Дону,Одежда,138164.0,59337.0,78826.0,3,24.0
2023,11,Ростов-на-Дону,Продукты,11671.0,6550.0,5122.0,4,17.0
2023,11,Ростов-на-Дону,Электроника,142999.0,29544.0,113455.0,2,8.0
2023,11,Самара,Бытовая техника,56172.0,17710.0,38462.0,3,15.0
2023,11,Самара,Канцтовары,4593.0,2107.0,2486.0,1,10.0
2023,11,Самара,Одежда,2032.0,886.0,1145.0,1,1.0
2023,11,Самара,Продукты,272.0,86.0,186.0,1,1.0
2023,11,Самара,Электроника,94284.0,18152.0,76131.0,2,5.0
2023,11,Санкт-Петербург,Бытовая техника,10145.0,2358.0,7787.0,1,2.0
2023,11,Санкт-Петербург,Канцтовары,8895.0,5333.0,3562.0,1,8.0
2023,11,Санкт-Петербург,Одежда,47386.0,21330.0,26056.0,2,13.0
2023,11,Санкт-Петербург,Продукты,516.0,168.0,348.0,2,2.0
2023,11,Санкт-Петербург,Электроника,72300.0,16303.0,55997.0,3,4.0
2023,12,Екатеринбург,Бытовая техника,40238.0,12376.0,27863.0,2,10.0
2023,12,Екатеринбург,Канцтовары,1366.0,633.0,733.0,1,2.0
2023,12,Екатеринбург,Одежда,55674.0,26395.0,29280.0,2,12.0
2023,12,Екатеринбург,Продукты,1801.0,452.0,1350.0,1,4.0
2023,12,Екатеринбург,Электроника,94204.0,22909.0,71295.0,3,10.0
2023,12,Казань,Канцтовары,361.0,162.0,199.0,1,1.0
2023,12,Казань,Одежда,32846.0,17360.0,15486.0,1,5.0
2023,12,Казань,Продукты,1907.0,622.0,1285.0,1,3.0
2023,12,Москва,Бытовая техника,14532.0,3945.0,10588.0,3,3.0
2023,12,Москва,Канцтовары,7816.0,3461.0,4355.0,3,8.0
2023,12,Москва,Одежда,42967.0,19630.0,23338.0,2,19.0
2023,12,Москва,Продукты,3639.0,1181.0,2458.0,4,7.0
2023,12,Москва,Электроника,63322.0,13510.0,49813.0,4,11.0
2023,12,Новосибирск,Канцтовары,392.0,228.0,164.0,1,1.0
2023,12,Новосибирск,Электроника,11417.0,2879.0,8538.0,1,3.0
2023,12,Ростов-на-Дону,Бытовая техника,7221.0,2288.0,4933.0,1,2.0
2023,12,Ростов-на-Дону,Одежда,41566.0,16704.0,24861.0,2,5.0
2023,12,Ростов-на-Дону,Продукты,8111.0,4416.0,3694.0,3,8.0
2023,12,Самара,Одежда,24434.0,12633.0,11800.0,1,3.0
2023,12,Самара,Продукты,2642.0,797.0,1845.0,3,4.0
2023,12,Самара,Электроника,17848.0,4244.0,13603.0,1,1.0
2023,12,Санкт-Петербург,Бытовая техника,205570.0,59945.0,145626.0,6,33.0
2023,12,Санкт-Петербург,Канцтовары,9219.0,4892.0,4327.0,5,19.0
2023,12,Санкт-Петербург,Продукты,5220.0,1410.0,3810.0,1,6.0
2023,12,Санкт-Петербург,Электроника,736574.0,167326.0,569248.0,6,39.0
2024,1,Екатеринбург,Канцтовары,1932.0,927.0,1005.0,2,2.0
2024,1,Екатеринбург,Одежда,4120.0,2203.0,1917.0,1,1.0
2024,1,Екатеринбург,Продукты,921.0,296.0,625.0,1,4.0
2024,1,Екатеринбург,Электроника,20181.0,4678.0,15503.0,1,2.0
2024,1,Казань,Бытовая техника,15661.0,4416.0,11245.0,2,3.0
2024,1,Казань,Канцтовары,11509.0,5804.0,5705.0,3,17.0
2024,1,Казань,Продукты,2047.0,557.0,1490.0,1,8.0
2024,1,Казань,Электроника,76262.0,14932.0,61329.0,1,4.0
2024,1,Москва,Бытовая техника,183513.0,49193.0,134321.0,10,36.0
2024,1,Москва,Канцтовары,6508.0,2912.0,3596.0,2,11.0
2024,1,Москва,Одежда,153194.0,47323.0,105871.0,4,27.0
2024,1,Москва,Продукты,3672.0,1103.0,2569.0,3,7.0
2024,1,Москва,Электроника,184045.0,44605.0,139440.0,4,11.0
2024,1,Новосибирск,Бытовая техника,5996.0,1475.0,4522.0,1,2.0
2024,1,Новосибирск,Канцтовары,437.0,242.0,196.0,1,1.0
2024,1,Новосибирск,Одежда,18253.0,8046.0,10207.0,1,2.0
2024,1,Новосибирск,Продукты,5369.0,1532.0,3837.0,4,14.0
2024,1,Новосибирск,Электроника,11013.0,2785.0,8228.0,1,2.0
2024,1,Ростов-на-Дону,Бытовая техника,41385.0,13506.0,27879.0,1,8.0
2024,1,Ростов-на-Дону,Одежда,40451.0,15914.0,24538.0,4,9.0
2024,1,Ростов-на-Дону,Продукты,1067.0,331.0,737.0,1,4.0
2024,1,Ростов-на-Дону,Электроника,15209.0,2829.0,12380.0,1,3.0
2024,1,Самара,Канцтовары,1705.0,846.0,859.0,3,3.0
2024,1,Самара,Одежда,41958.0,16778.0,25179.0,2,5.0
2024,1,Самара,Продукты,13634.0,4033.0,9602.0,6,26.0
2024,1,Самара,Электроника,28538.0,5956.0,22581.0,1,1.0
2024,1,Санкт-Петербург,Бытовая техника,19703.0,5785.0,13918.0,3,3.0
2024,1,Санкт-Петербург,Канцтовары,10118.0,4880.0,5237.0,3,11.0
2024,1,Санкт-Петербург,Одежда,51167.0,21337.0,29830.0,2,14.0
2024,2,Екатеринбург,Канцтовары,3593.0,1675.0,1918.0,3,8.0
2024,2,Екатеринбург,Одежда,44534.0,19886.0,24648.0,1,5.0
2024,2,Екатеринбург,Продукты,1676.0,465.0,1211.0,2,5.0
2024,2,Екатеринбург,Электроника,96299.0,22202.0,74097.0,3,19.0
2024,2,Казань,Канцтовары,14508.0,10746.0,3762.0,3,10.0
2024,2,Казань,Одежда,78976.0,35135.0,43842.0,2,11.0
2024,2,Казань,Продукты,1085.0,291.0,794.0,3,3.0
2024,2,Казань,Электроника,82204.0,19338.0,62867.0,2,3.0
2024,2,Москва,Бытовая техника,81356.0,22674.0,58683.0,4,8.0
2024,2,Москва,Канцтовары,6507.0,3221.0,3285.0,3,10.0
2024,2,Москва,Одежда,34428.0,14993.0,19435.0,3,5.0
2024,2,Москва,Продукты,6961.0,2037.0,4924.0,7,14.0
2024,2,Москва,Электроника,123210.0,30672.0,92538.0,2,12.0
2024,2,Новосибирск,Бытовая техника,40154.0,12169.0,27985.0,2,8.0
2024,2,Новосибирск,Канцтовары,1426.0,671.0,755.0,2,2.0
2024,2,Новосибирск,Продукты,2608.0,657.0,1952.0,2,4.0
2024,2,Новосибирск,Электроника,48960.0,12001.0,36960.0,1,8.0
2024,2,Ростов-на-Дону,Бытовая техника,48781.0,14809.0,33972.0,3,7.0
2024,2,Ростов-на-Дону,Канцтовары,963.0,494.0,469.0,1,2.0
2024,2,Ростов-на-Дону,Одежда,9157.0,3987.0,5170.0,1,1.0
2024,2,Самара,Бытовая техника,5493.0,1592.0,3901.0,1,1.0
2024,2,Самара,Канцтовары,6411.0,3317.0,3094.0,2,10.0
2024,2,Самара,Одежда,25421.0,12372.0,13049.0,1,3.0
2024,2,Самара,Продукты,4289.0,1124.0,3165.0,2,8.0
2024,2,Самара,Электроника,11052.0,2210.0,8841.0,2,2.0
2024,2,Санкт-Петербург,Бытовая техника,197059.0,57044.0,140015.0,3,24.0
2024,2,Санкт-Петербург,Канцтовары,354.0,145.0,209.0,1,1.0
2024,2,Санкт-Петербург,Одежда,14669.0,7195.0,7474.0,1,2.0
2024,2,Санкт-Петербург,Продукты,3216.0,850.0,2366.0,2,6.0
2024,2,Санкт-Петербург,Электроника,117680.0,21345.0,96335.0,2,6.0
2024,3,Екатеринбург,Бытовая техника,17474.0,5132.0,12342.0,2,5.0
2024,3,Екатеринбург,Канцтовары,4847.0,2412.0,2435.0,2,9.0
2024,3,Екатеринбург,Продукты,8464.0,2566.0,5898.0,2,13.0
2024,3,Екатеринбург,Электроника,21454.0,-6061.0,27515.0,2,2.0
2024,3,Казань,Бытовая техника,13466.0,3654.0,9812.0,1,1.0
2024,3,Казань,Канцтовары,1316.0,747.0,569.0,1,1.0
2024,3,Казань,Одежда,20369.0,7786.0,12583.0,3,4.0
2024,3,Казань,Электроника,11224.0,2233.0,8990.0,2,2.0
2024,3,Москва,Бытовая техника,155177.0,42970.0,112207.0,7,29.0
2024,3,Москва,Канцтовары,12138.0,5266.0,6872.0,7,23.0
2024,3,Москва,Одежда,49663.0,22924.0,26739.0,5,11.0
2024,3,Москва,Продукты,4044.0,1044.0,3000.0,5,7.0
2024,3,Москва,Электроника,92329.0,21163.0,71166.0,3,4.0
2024,3,Новосибирск,Бытовая техника,49220.0,15566.0,33655.0,2,10.0
2024,3,Новосибирск,Канцтовары,689.0,302.0,388.0,2,2.0
2024,3,Новосибирск,Одежда,41755.0,17192.0,24563.0,2,7.0
2024,3,Новосибирск,Электроника,58557.0,11984.0,46572.0,2,11.0
2024,3,Ростов-на-Дону,Бытовая техника,21165.0,6369.0,14796.0,1,5.0
2024,3,Ростов-на-Дону,Канцтовары,6699.0,3438.0,3261.0,1,6.0
2024,3,Ростов-на-Дону,Одежда,21119.0,7608.0,13512.0,1,5.0
2024,3,Ростов-на-Дону,Продукты,5811.0,1498.0,4313.0,2,6.0
2024,3,Ростов-на-Дону,Электроника,199747.0,43172.0,156575.0,2,14.0
2024,3,Самара,Одежда,24457.0,11410.0,13047.0,4,7.0
2024,3,Самара,Продукты,3685.0,1225.0,2460.0,1,4.0
2024,3,Самара,Электроника,37948.0,7453.0,30495.0,2,3.0
2024,3,Санкт-Петербург,Бытовая техника,46591.0,13397.0,33194.0,4,12.0
2024,3,Санкт-Петербург,Канцтовары,9295.0,3822.0,5473.0,2,8.0
2024,3,Санкт-Петербург,Продукты,4325.0,1142.0,3182.0,3,6.0
2024,3,Санкт-Петербург,Электроника,19404.0,3551.0,15853.0,1,1.0
2024,4,Екатеринбург,Бытовая техника,50859.0,13872.0,36987.0,3,5.0
2024,4,Екатеринбург,Канцтовары,2598.0,1462.0,1136.0,1,6.0
2024,4,Екатеринбург,Одежда,30051.0,14397.0,15654.0,3,5.0
2024,4,Екатеринбург,Продукты,10696.0,3546.0,7150.0,3,17.0
2024,4,Екатеринбург,Электроника,6093.0,1199.0,4894.0,1,2.0
2024,4,Казань,Бытовая техника,3103.0,759.0,2344.0,1,1.0
2024,4,Казань,Канцтовары,11073.0,5753.0,5321.0,3,16.0
2024,4,Казань,Продукты,503.0,147.0,357.0,1,1.0
2024,4,Москва,Бытовая техника,167560.0,41326.0,126234.0,4,13.0
2024,4,Москва,Канцтовары,22276.0,12022.0,10254.0,8,30.0
2024,4,Москва,Одежда,41770.0,19881.0,21889.0,5,9.0
2024,4,Москва,Продукты,9950.0,3416.0,6535.0,2,16.0
2024,4,Москва,Электроника,23439.0,-29807.0,53246.0,2,9.0
2024,4,Новосибирск,Бытовая техника,12262.0,3526.0,8736.0,3,3.0
2024,4,Новосибирск,Канцтовары,1429.0,665.0,764.0,2,3.0
2024,4,Новосибирск,Одежда,5963.0,2212.0,3751.0,1,1.0
2024,4,Новосибирск,Продукты,2543.0,770.0,1773.0,3,9.0
2024,4,Ростов-на-Дону,Бытовая техника,17558.0,5202.0,12355.0,2,2.0
2024,4,Ростов-на-Дону,Канцтовары,3938.0,1928.0,2009.0,2,5.0
2024,4,Ростов-на-Дону,Одежда,19020.0,8626.0,10395.0,3,5.0
2024,4,Ростов-на-Дону,Электроника,103774.0,23067.0,80706.0,4,15.0
2024,4,Самара,Бытовая техника,50839.0,15934.0,34904.0,2,13.0
2024,4,Самара,Канцтовары,12052.0,5666.0,6386.0,5,18.0
2024,4,Самара,Одежда,13319.0,3346.0,9973.0,2,6.0
2024,4,Самара,Продукты,813.0,292.0,521.0,1,1.0
2024,4,Самара,Электроника,142350.0,35022.0,107327.0,3,7.0
2024,4,Санкт-Петербург,Бытовая техника,34650.0,10058.0,24592.0,5,6.0
2024,4,Санкт-Петербург,Канцтовары,2227.0,972.0,1255.0,3,3.0
2024,4,Санкт-Петербург,Одежда,35845.0,14227.0,21618.0,5,16.0
2024,4,Санкт-Петербург,Продукты,8019.0,2336.0,5683.0,3,16.0
2024,4,Санкт-Петербург,Электроника,56587.0,14183.0,42404.0,3,13.0
2024,5,Екатеринбург,Канцтовары,1335.0,684.0,652.0,1,3.0
2024,5,Екатеринбург,Одежда,9115.0,2065.0,7050.0,2,2.0
2024,5,Екатеринбург,Электроника,12353.0,2765.0,9588.0,1,2.0
2024,5,Казань,Бытовая техника,25075.0,6755.0,18320.0,1,2.0
2024,5,Казань,Одежда,81411.0,38793.0,42618.0,3,10.0
2024,5,Казань,Продукты,15086.0,5019.0,10067.0,1,17.0
2024,5,Москва,Бытовая техника,70521.0,19770.0,50751.0,4,13.0
2024,5,Москва,Канцтовары,9536.0,3636.0,5900.0,4,22.0
2024,5,Москва,Одежда,19645.0,9587.0,10058.0,3,3.0
2024,5,Москва,Продукты,8098.0,2689.0,5409.0,5,23.0
2024,5,Москва,Электроника,241648.0,50633.0,191015.0,10,20.0
2024,5,Новосибирск,Бытовая техника,43547.0,12521.0,31026.0,3,7.0
2024,5,Новосибирск,Канцтовары,9274.0,5489.0,3785.0,2,8.0
2024,5,Новосибирск,Одежда,9688.0,4739.0,4949.0,1,1.0
2024,5,Новосибирск,Продукты,735.0,232.0,503.0,2,2.0
2024,5,Новосибирск,Электроника,59630.0,14030.0,45601.0,3,3.0
2024,5,Ростов-на-Дону,Канцтовары,1182.0,675.0,506.0,1,1.0
2024,5,Ростов-на-Дону,Одежда,35614.0,14226.0,21388.0,1,6.0
2024,5,Ростов-на-Дону,Продукты,3581.0,1129.0,2453.0,3,6.0
2024,5,Ростов-на-Дону,Электроника,198119.0,42032.0,156087.0,2,8.0
2024,5,Самара,Бытовая техника,8426.0,2209.0,6217.0,2,2.0
2024,5,Самара,Канцтовары,2638.0,1436.0,1201.0,2,4.0
2024,5,Самара,Одежда,1632.0,832.0,800.0,1,1.0
2024,5,Самара,Продукты,2300.0,645.0,1655.0,2,5.0
2024,5,Санкт-Петербург,Бытовая техника,29400.0,8256.0,21144.0,4,5.0
2024,5,Санкт-Петербург,Канцтовары,816.0,416.0,399.0,2,2.0
2024,5,Санкт-Петербург,Одежда,11583.0,5831.0,5752.0,1,6.0
2024,5,Санкт-Петербург,Продукты,9391.0,4058.0,5333.0,3,13.0
2024,5,Санкт-Петербург,Электроника,23829.0,6063.0,17766.0,2,2.0
2024,6,Екатеринбург,Бытовая техника,15836.0,5063.0,10774.0,2,2.0
2024,6,Екатеринбург,Канцтовары,515.0,285.0,229.0,1,1.0
2024,6,Екатеринбург,Одежда,35598.0,17418.0,18181.0,4,6.0
2024,6,Екатеринбург,Продукты,1878.0,611.0,1267.0,2,7.0
2024,6,Екатеринбург,Электроника,5971.0,1523.0,4448.0,1,1.0
2024,6,Казань,Канцтовары,410.0,215.0,195.0,1,1.0
2024,6,Казань,Продукты,3291.0,1037.0,2255.0,3,6.0
2024,6,Казань,Электроника,10077.0,2012.0,8065.0,1,2.0
2024,6,Москва,Бытовая техника,80897.0,24555.0,56342.0,3,19.0
2024,6,Москва,Канцтовары,8656.0,4589.0,4068.0,4,12.0
2024,6,Москва,Одежда,43944.0,20526.0,23417.0,7,11.0
2024,6,Москва,Продукты,2190.0,617.0,1573.0,2,3.0
2024,6,Москва,Электроника,47406.0,10915.0,36491.0,3,5.0
2024,6,Новосибирск,Бытовая техника,4586.0,1125.0,3461.0,1,1.0
2024,6,Новосибирск,Канцтовары,9196.0,4232.0,4964.0,4,14.0
2024,6,Новосибирск,Одежда,7593.0,3328.0,4265.0,1,2.0
2024,6,Новосибирск,Продукты,1492.0,367.0,1125.0,1,3.0
2024,6,Ростов-на-Дону,Бытовая техника,36799.0,9919.0,26880.0,2,5.0
2024,6,Ростов-на-Дону,Канцтовары,659.0,268.0,391.0,1,1.0
2024,6,Ростов-на-Дону,Одежда,18302.0,9509.0,8792.0,1,4.0
2024,6,Ростов-на-Дону,Продукты,474.0,114.0,360.0,1,2.0
2024,6,Ростов-на-Дону,Электроника,41129.0,10004.0,31125.0,1,2.0
2024,6,Самара,Бытовая техника,28391.0,7471.0,20920.0,3,7.0
2024,6,Самара,Канцтовары,323.0,191.0,132.0,1,1.0
2024,6,Самара,Одежда,8039.0,3393.0,4646.0,1,1.0
2024,6,Самара,Продукты,9123.0,2530.0,6593.0,2,7.0
2024,6,Самара,Электроника,314799.0,63198.0,251600.0,3,13.0
2024,6,Санкт-Петербург,Бытовая техника,26406.0,8489.0,17917.0,1,6.0
2024,6,Санкт-Петербург,Канцтовары,1988.0,1183.0,804.0,1,6.0
2024,6,Санкт-Петербург,Одежда,18351.0,9242.0,9109.0,2,5.0
2024,6,Санкт-Петербург,Продукты,4922.0,1608.0,3314.0,3,8.0
2024,6,Санкт-Петербург,Электроника,201378.0,36512.0,164866.0,2,9.0
2024,7,Екатеринбург,Бытовая техника,8064.0,1927.0,6138.0,2,2.0
2024,7,Екатеринбург,Канцтовары,5815.0,3084.0,2731.0,4,7.0
2024,7,Екатеринбург,Одежда,4716.0,2164.0,2551.0,1,1.0
2024,7,Екатеринбург,Продукты,229.0,70.0,158.0,1,1.0
2024,7,Екатеринбург,Электроника,78531.0,18380.0,60151.0,4,7.0
2024,7,Казань,Бытовая техника,16988.0,4059.0,12929.0,2,5.0
2024,7,Казань,Канцтовары,1603.0,813.0,790.0,2,2.0
2024,7,Казань,Одежда,50110.0,24302.0,25807.0,4,8.0
2024,7,Казань,Электроника,34840.0,8787.0,26053.0,1,2.0
2024,7,Москва,Бытовая техника,127468.0,35443.0,92025.0,6,13.0
2024,7,Москва,Канцтовары,5272.0,2320.0,2952.0,2,4.0
2024,7,Москва,Одежда,58986.0,27929.0,31057.0,4,11.0
2024,7,Москва,Продукты,11581.0,3775.0,7806.0,6,16.0
2024,7,Москва,Электроника,89032.0,18621.0,70411.0,7,9.0
2024,7,Новосибирск,Бытовая техника,4802.0,1377.0,3425.0,1,1.0
2024,7,Новосибирск,Канцтовары,692.0,311.0,381.0,1,1.0
2024,7,Новосибирск,Одежда,17685.0,7402.0,10282.0,1,2.0
2024,7,Новосибирск,Продукты,830.0,288.0,542.0,1,1.0
2024,7,Новосибирск,Электроника,31423.0,6224.0,25199.0,2,2.0
2024,7,Ростов-на-Дону,Бытовая техника,2962.0,868.0,2094.0,1,1.0
2024,7,Ростов-на-Дону,Канцтовары,2316.0,1049.0,1267.0,2,4.0
2024,7,Ростов-на-Дону,Одежда,34180.0,15936.0,18244.0,1,4.0
2024,7,Ростов-на-Дону,Продукты,640.0,223.0,417.0,1,1.0
2024,7,Ростов-на-Дону,Электроника,28724.0,6663.0,22062.0,2,2.0
2024,7,Самара,Бытовая техника,31924.0,9342.0,22582.0,3,4.0
2024,7,Самара,Канцтовары,5850.0,3365.0,2485.0,2,9.0
2024,7,Самара,Одежда,44182.0,22515.0,21667.0,1,5.0
2024,7,Самара,Электроника,3206.0,683.0,2524.0,1,2.0
2024,7,Санкт-Петербург,Бытовая техника,27767.0,6801.0,20966.0,4,7.0
2024,7,Санкт-Петербург,Канцтовары,3616.0,1595.0,2020.0,3,4.0
2024,7,Санкт-Петербург,Одежда,83613.0,36814.0,46800.0,4,14.0
2024,7,Санкт-Петербург,Продукты,7826.0,2628.0,5198.0,5,11.0
2024,7,Санкт-Петербург,Электроника,71635.0,13500.0,58135.0,4,5.0
2024,8,Екатеринбург,Бытовая техника,20401.0,4713.0,15688.0,1,4.0
2024,8,Екатеринбург,Одежда,91331.0,46087.0,45244.0,2,14.0
2024,8,Екатеринбург,Продукты,1326.0,409.0,916.0,2,3.0
2024,8,Екатеринбург,Электроника,69599.0,14109.0,55490.0,5,9.0
2024,8,Казань,Бытовая техника,13329.0,3788.0,9541.0,1,3.0
2024,8,Казань,Канцтовары,15922.0,7177.0,8745.0,3,19.0
2024,8,Казань,Одежда,1888.0,994.0,894.0,1,1.0
2024,8,Казань,Продукты,3015.0,906.0,2109.0,2,7.0
2024,8,Казань,Электроника,18106.0,4387.0,13719.0,2,3.0
2024,8,Москва,Бытовая техника,149944.0,41224.0,108721.0,10,23.0
2024,8,Москва,Канцтовары,10138.0,4912.0,5226.0,6,10.0
2024,8,Москва,Одежда,37072.0,16349.0,20723.0,5,6.0
2024,8,Москва,Продукты,4257.0,1329.0,2928.0,3,12.0
2024,8,Москва,Электроника,109499.0,24818.0,84681.0,6,11.0
2024,8,Новосибирск,Канцтовары,2001.0,991.0,1010.0,1,4.0
2024,8,Новосибирск,Одежда,66934.0,28007.0,38927.0,2,13.0
2024,8,Новосибирск,Продукты,2034.0,641.0,1392.0,4,4.0
2024,8,Ростов-на-Дону,Канцтовары,347.0,170.0,177.0,1,1.0
2024,8,Самара,Бытовая техника,37102.0,10439.0,26663.0,3,9.0
2024,8,Самара,Канцтовары,6186.0,2602.0,3584.0,2,6.0
2024,8,Самара,Одежда,4830.0,2551.0,2279.0,1,1.0
2024,8,Самара,Электроника,68644.0,16644.0,52000.0,3,5.0
2024,8,Санкт-Петербург,Бытовая техника,48476.0,15335.0,33141.0,3,6.0
2024,8,Санкт-Петербург,Канцтовары,10655.0,4826.0,5829.0,3,13.0
2024,8,Санкт-Петербург,Одежда,6073.0,2469.0,3603.0,1,1.0
2024,8,Санкт-Петербург,Продукты,4830.0,4197.0,633.0,1,2.0
2024,8,Санкт-Петербург,Электроника,23283.0,4920.0,18363.0,2,3.0
2024,9,Екатеринбург,Бытовая техника,65516.0,17904.0,47613.0,2,10.0
2024,9,Екатеринбург,Канцтовары,341.0,181.0,160.0,1,1.0
2024,9,Екатеринбург,Одежда,5874.0,2413.0,3461.0,1,1.0
2024,9,Екатеринбург,Электроника,3170.0,709.0,2461.0,1,1.0
2024,9,Казань,Бытовая техника,30295.0,7633.0,22662.0,1,7.0
2024,9,Казань,Канцтовары,4960.0,2825.0,2135.0,3,5.0
2024,9,Казань,Одежда,27472.0,11544.0,15929.0,3,15.0
2024,9,Казань,Продукты,4253.0,1210.0,3044.0,2,17.0
2024,9,Москва,Бытовая техника,27665.0,7515.0,20150.0,3,6.0
2024,9,Москва,Канцтовары,8109.0,5625.0,2484.0,3,11.0
2024,9,Москва,Одежда,11254.0,5226.0,6029.0,3,5.0
2024,9,Москва,Продукты,16023.0,5382.0,10641.0,6,24.0
2024,9,Москва,Электроника,162540.0,12306.0,150234.0,4,14.0
2024,9,Новосибирск,Бытовая техника,11150.0,2731.0,8420.0,1,1.0
2024,9,Новосибирск,Продукты,2462.0,846.0,1616.0,1,3.0
2024,9,Новосибирск,Электроника,314495.0,66554.0,247940.0,5,19.0
2024,9,Ростов-на-Дону,Канцтовары,652.0,318.0,335.0,1,1.0
2024,9,Ростов-на-Дону,Одежда,16127.0,8021.0,8106.0,2,7.0
2024,9,Ростов-на-Дону,Продукты,1002.0,280.0,722.0,1,1.0
2024,9,Ростов-на-Дону,Электроника,3290.0,601.0,2688.0,1,1.0
2024,9,Самара,Бытовая техника,52731.0,16246.0,36485.0,1,17.0
2024,9,Самара,Канцтовары,8235.0,6466.0,1769.0,3,10.0
2024,9,Самара,Одежда,11632.0,4482.0,7150.0,1,3.0
2024,9,Самара,Продукты,287.0,79.0,209.0,1,1.0
2024,9,Самара,Электроника,6915.0,1448.0,5467.0,2,2.0
2024,9,Санкт-Петербург,Бытовая техника,108862.0,32066.0,76797.0,6,22.0
2024,9,Санкт-Петербург,Канцтовары,9467.0,4099.0,5368.0,4,11.0
2024,9,Санкт-Петербург,Одежда,65577.0,29927.0,35650.0,9,21.0
2024,9,Санкт-Петербург,Продукты,946.0,334.0,612.0,2,2.0
2024,10,Екатеринбург,Бытовая техника,3163.0,1054.0,2109.0,1,1.0
2024,10,Екатеринбург,Одежда,22889.0,10023.0,12867.0,3,4.0
2024,10,Екатеринбург,Электроника,172964.0,43406.0,129558.0,2,12.0
2024,10,Казань,Канцтовары,657.0,333.0,324.0,1,1.0
2024,10,Казань,Одежда,20675.0,8598.0,12078.0,2,7.0
2024,10,Казань,Электроника,20796.0,-31466.0,52263.0,2,15.0
2024,10,Москва,Бытовая техника,45763.0,13705.0,32058.0,2,8.0
2024,10,Москва,Канцтовары,6561.0,3034.0,3527.0,5,10.0
2024,10,Москва,Одежда,89175.0,23878.0,65296.0,7,34.0
2024,10,Москва,Продукты,5529.0,1686.0,3843.0,2,7.0
2024,10,Москва,Электроника,34866.0,7637.0,27228.0,1,2.0
2024,10,Новосибирск,Бытовая техника,9444.0,3157.0,6287.0,1,2.0
2024,10,Новосибирск,Канцтовары,16121.0,7825.0,8296.0,2,19.0
2024,10,Новосибирск,Одежда,8668.0,4265.0,4402.0,1,1.0
2024,10,Новосибирск,Продукты,16379.0,5315.0,11064.0,5,24.0
2024,10,Новосибирск,Электроника,19866.0,3847.0,16018.0,1,1.0
2024,10,Ростов-на-Дону,Бытовая техника,22745.0,6027.0,16718.0,2,5.0
2024,10,Ростов-на-Дону,Канцтовары,5448.0,2619.0,2829.0,3,16.0
2024,10,Ростов-на-Дону,Электроника,58058.0,13133.0,44925.0,2,8.0
2024,10,Самара,Бытовая техника,21119.0,6009.0,15110.0,1,5.0
2024,10,Самара,Одежда,27538.0,11807.0,15731.0,2,3.0
2024,10,Самара,Электроника,19621.0,4351.0,15270.0,2,4.0
2024,10,Санкт-Петербург,Бытовая техника,27398.0,7017.0,20381.0,2,6.0
2024,10,Санкт-Петербург,Канцтовары,2094.0,1154.0,941.0,2,5.0
2024,10,Санкт-Петербург,Одежда,13586.0,6377.0,7208.0,1,2.0
2024,10,Санкт-Петербург,Продукты,5128.0,1626.0,3502.0,5,7.0
2024,10,Санкт-Петербург,Электроника,224069.0,50633.0,173435.0,5,21.0
2024,11,Екатеринбург,Бытовая техника,57746.0,15702.0,42044.0,3,14.0
2024,11,Екатеринбург,Канцтовары,15645.0,7672.0,7973.0,5,34.0
2024,11,Екатеринбург,Электроника,35326.0,8763.0,26564.0,1,2.0
2024,11,Казань,Бытовая техника,186747.0,57080.0,129667.0,3,28.0
2024,11,Казань,Канцтовары,5181.0,2805.0,2376.0,4,14.0
2024,11,Казань,Одежда,2022.0,1085.0,937.0,1,1.0
2024,11,Казань,Продукты,1374.0,405.0,969.0,1,2.0
2024,11,Казань,Электроника,25183.0,5967.0,19217.0,2,7.0
2024,11,Москва,Бытовая техника,55371.0,15825.0,39546.0,6,12.0
2024,11,Москва,Канцтовары,22204.0,11200.0,11004.0,9,37.0
2024,11,Москва,Одежда,13329.0,5422.0,7907.0,2,3.0
2024,11,Москва,Продукты,5932.0,1671.0,4260.0,4,8.0
2024,11,Москва,Электроника,398079.0,97465.0,300614.0,4,20.0
2024,11,Новосибирск,Бытовая техника,43896.0,10747.0,33148.0,2,14.0
2024,11,Новосибирск,Одежда,54670.0,25752.0,28919.0,2,9.0
2024,11,Новосибирск,Продукты,5522.0,1655.0,3867.0,2,13.0
2024,11,Новосибирск,Электроника,87020.0,18764.0,68255.0,2,10.0
2024,11,Ростов-на-Дону,Бытовая техника,25575.0,6395.0,19180.0,1,5.0
2024,11,Ростов-на-Дону,Канцтовары,10430.0,5762.0,4668.0,3,15.0
2024,11,Ростов-на-Дону,Одежда,6355.0,2567.0,3789.0,1,1.0
2024,11,Ростов-на-Дону,Продукты,689.0,198.0,491.0,1,1.0
2024,11,Самара,Бытовая техника,171941.0,42134.0,129807.0,4,27.0
2024,11,Самара,Одежда,26687.0,9670.0,17017.0,1,7.0
2024,11,Самара,Электроника,118944.0,24426.0,94518.0,1,5.0
2024,11,Санкт-Петербург,Бытовая техника,120819.0,32979.0,87840.0,4,20.0
2024,11,Санкт-Петербург,Канцтовары,1501.0,661.0,841.0,1,2.0
2024,11,Санкт-Петербург,Одежда,12060.0,5169.0,6891.0,2,2.0
2024,11,Санкт-Петербург,Продукты,15890.0,5073.0,10817.0,4,17.0
2024,11,Санкт-Петербург,Электроника,191528.0,42199.0,149329.0,3,12.0
2024,12,Екатеринбург,Бытовая техника,10560.0,3018.0,7542.0,1,2.0
2024,12,Екатеринбург,Одежда,38738.0,18427.0,20310.0,2,5.0
2024,12,Екатеринбург,Продукты,496.0,163.0,334.0,1,1.0
2024,12,Казань,Канцтовары,1117.0,498.0,619.0,1,3.0
2024,12,Казань,Продукты,8416.0,2757.0,5659.0,1,10.0
2024,12,Москва,Бытовая техника,59130.0,14907.0,44224.0,2,8.0
2024,12,Москва,Канцтовары,22542.0,11159.0,11384.0,10,45.0
2024,12,Москва,Одежда,44556.0,20403.0,24153.0,3,8.0
2024,12,Москва,Продукты,5297.0,1855.0,3442.0,3,12.0
2024,12,Москва,Электроника,565032.0,127345.0,437687.0,6,26.0
2024,12,Новосибирск,Канцтовары,6777.0,3018.0,3759.0,2,8.0
2024,12,Новосибирск,Продукты,8013.0,2316.0,5697.0,2,10.0
2024,12,Новосибирск,Электроника,44118.0,9480.0,34639.0,2,2.0
2024,12,Ростов-на-Дону,Бытовая техника,33056.0,9328.0,23728.0,3,5.0
2024,12,Ростов-на-Дону,Канцтовары,5554.0,2891.0,2662.0,3,11.0
2024,12,Ростов-на-Дону,Продукты,9696.0,5700.0,3996.0,2,13.0
2024,12,Ростов-на-Дону,Электроника,48010.0,10480.0,37530.0,1,2.0
2024,12,Самара,Бытовая техника,52545.0,14537.0,38008.0,2,7.0
2024,12,Самара,Канцтовары,3748.0,2038.0,1710.0,2,10.0
2024,12,Самара,Одежда,67336.0,35849.0,31486.0,2,8.0
2024,12,Самара,Продукты,3111.0,955.0,2156.0,2,10.0
2024,12,Самара,Электроника,34652.0,8672.0,25980.0,1,11.0
2024,12,Санкт-Петербург,Бытовая техника,12694.0,4128.0,8565.0,1,1.0
2024,12,Санкт-Петербург,Канцтовары,3026.0,1352.0,1674.0,2,6.0
2024,12,Санкт-Петербург,Одежда,11388.0,5612.0,5776.0,2,2.0
2024,12,Санкт-Петербург,Продукты,952.0,262.0,690.0,1,2.0
2024,12,Санкт-Петербург,Электроника,135050.0,25705.0,109345.0,2,5.0
2025,1,Екатеринбург,Бытовая техника,49269.0,15367.0,33901.0,3,12.0
2025,1,Екатеринбург,Одежда,35200.0,15534.0,19666.0,2,5.0
2025,1,Казань,Бытовая техника,20918.0,6230.0,14687.0,3,3.0
2025,1,Казань,Канцтовары,4574.0,2167.0,2408.0,3,7.0
2025,1,Казань,Одежда,1868.0,710.0,1157.0,1,1.0
2025,1,Казань,Продукты,1008.0,336.0,673.0,1,2.0
2025,1,Казань,Электроника,15137.0,3231.0,11906.0,2,4.0
2025,1,Москва,Бытовая техника,34094.0,8268.0,25826.0,3,5.0
2025,1,Москва,Канцтовары,2450.0,1338.0,1112.0,2,3.0
2025,1,Москва,Одежда,18478.0,9325.0,9153.0,2,3.0
2025,1,Москва,Продукты,9507.0,2680.0,6828.0,5,25.0
2025,1,Москва,Электроника,42597.0,8842.0,33755.0,3,4.0
2025,1,Новосибирск,Бытовая техника,110785.0,35494.0,75291.0,3,11.0
2025,1,Новосибирск,Канцтовары,1346.0,740.0,606.0,1,4.0
2025,1,Новосибирск,Продукты,285.0,99.0,186.0,1,1.0
2025,1,Ростов-на-Дону,Бытовая техника,8903.0,2226.0,6677.0,2,2.0
2025,1,Ростов-на-Дону,Одежда,19301.0,8917.0,10384.0,3,5.0
2025,1,Ростов-на-Дону,Продукты,517.0,171.0,346.0,1,1.0
2025,1,Самара,Бытовая техника,32558.0,8963.0,23595.0,1,3.0
2025,1,Самара,Одежда,21944.0,10755.0,11189.0,2,9.0
2025,1,Самара,Продукты,1056.0,348.0,708.0,2,2.0
2025,1,Самара,Электроника,188781.0,37339.0,151442.0,3,10.0
2025,1,Санкт-Петербург,Бытовая техника,38699.0,12387.0,26312.0,2,4.0
2025,1,Санкт-Петербург,Канцтовары,1872.0,896.0,976.0,2,4.0
2025,1,Санкт-Петербург,Одежда,60199.0,24858.0,35341.0,3,10.0
2025,1,Санкт-Петербург,Электроника,58155.0,12194.0,45961.0,2,4.0
2025,2,Екатеринбург,Бытовая техника,24158.0,5884.0,18274.0,1,2.0
2025,2,Екатеринбург,Канцтовары,2476.0,1314.0,1162.0,2,6.0
2025,2,Екатеринбург,Одежда,11396.0,4147.0,7249.0,1,3.0
2025,2,Екатеринбург,Продукты,2245.0,666.0,1580.0,4,5.0
2025,2,Екатеринбург,Электроника,18701.0,3806.0,14895.0,1,1.0
2025,2,Казань,Канцтовары,11306.0,5020.0,6286.0,2,9.0
2025,2,Казань,Продукты,1579.0,463.0,1116.0,2,5.0
2025,2,Казань,Электроника,11312.0,-57347.0,68659.0,2,5.0
2025,2,Москва,Бытовая техника,40036.0,10235.0,29800.0,3,8.0
2025,2,Москва,Канцтовары,10269.0,5182.0,5088.0,6,16.0
2025,2,Москва,Одежда,111619.0,45635.0,65983.0,5,23.0
2025,2,Москва,Продукты,19300.0,10465.0,8835.0,6,20.0
2025,2,Москва,Электроника,75392.0,14589.0,60803.0,4,9.0
2025,2,Новосибирск,Бытовая техника,65487.0,18273.0,47214.0,3,7.0
2025,2,Новосибирск,Канцтовары,4830.0,4162.0,668.0,1,2.0
2025,2,Новосибирск,Одежда,6473.0,3163.0,3310.0,1,1.0
2025,2,Новосибирск,Продукты,1585.0,427.0,1157.0,3,6.0
2025,2,Ростов-на-Дону,Бытовая техника,54794.0,14682.0,40112.0,1,12.0
2025,2,Ростов-на-Дону,Канцтовары,1536.0,764.0,772.0,2,2.0
2025,2,Ростов-на-Дону,Одежда,11024.0,4794.0,6229.0,2,4.0
2025,2,Ростов-на-Дону,Продукты,458.0,158.0,301.0,1,1.0
2025,2,Ростов-на-Дону,Электроника,218723.0,45992.0,172731.0,1,9.0
2025,2,Самара,Бытовая техника,24590.0,7377.0,17214.0,1,6.0
2025,2,Самара,Канцтовары,1416.0,670.0,746.0,2,2.0
2025,2,Самара,Одежда,89077.0,37944.0,51133.0,2,14.0
2025,2,Самара,Электроника,82226.0,14634.0,67592.0,1,4.0
2025,2,Санкт-Петербург,Бытовая техника,16196.0,3811.0,12385.0,2,4.0
2025,2,Санкт-Петербург,Канцтовары,6968.0,5343.0,1625.0,4,8.0
2025,2,Санкт-Петербург,Одежда,9091.0,4226.0,4865.0,2,2.0
2025,2,Санкт-Петербург,Продукты,8384.0,2319.0,6064.0,3,13.0
2025,2,Санкт-Петербург,Электроника,6009.0,1566.0,4442.0,1,1.0
2025,3,Екатеринбург,Одежда,37679.0,17723.0,19956.0,3,6.0
2025,3,Екатеринбург,Продукты,244.0,64.0,180.0,1,1.0
2025,3,Екатеринбург,Электроника,55263.0,14554.0,40708.0,1,3.0
2025,3,Казань,Бытовая техника,61186.0,17764.0,43422.0,2,14.0
2025,3,Казань,Канцтовары,7701.0,3674.0,4026.0,1,6.0
2025,3,Казань,Продукты,2433.0,743.0,1690.0,2,8.0
2025,3,Казань,Электроника,5784.0,1475.0,4309.0,1,1.0
2025,3,Москва,Бытовая техника,59906.0,16585.0,43321.0,6,12.0
2025,3,Москва,Канцтовары,5568.0,2700.0,2868.0,6,12.0
2025,3,Москва,Одежда,26691.0,13222.0,13470.0,2,4.0
2025,3,Москва,Продукты,9212.0,2507.0,6705.0,6,19.0
2025,3,Москва,Электроника,226541.0,44895.0,181646.0,4,12.0
2025,3,Новосибирск,Бытовая техника,13368.0,3270.0,10099.0,1,1.0
2025,3,Новосибирск,Продукты,1355.0,330.0,1025.0,1,6.0
2025,3,Новосибирск,Электроника,125501.0,27918.0,97582.0,2,8.0
2025,3,Ростов-на-Дону,Бытовая техника,39701.0,11253.0,28448.0,3,10.0
2025,3,Ростов-на-Дону,Продукты,4355.0,1509.0,2846.0,2,5.0
2025,3,Ростов-на-Дону,Электроника,33300.0,7897.0,25404.0,2,6.0
2025,3,Самара,Бытовая техника,35970.0,11699.0,24271.0,2,9.0
2025,3,Самара,Канцтовары,5330.0,2381.0,2950.0,1,11.0
2025,3,Самара,Одежда,44876.0,21815.0,23061.0,4,11.0
2025,3,Самара,Электроника,154904.0,33003.0,121901.0,2,5.0
2025,3,Санкт-Петербург,Бытовая техника,113591.0,31062.0,82529.0,9,24.0
2025,3,Санкт-Петербург,Канцтовары,11324.0,5651.0,5674.0,9,17.0
2025,3,Санкт-Петербург,Одежда,3335.0,1541.0,1794.0,2,2.0
2025,3,Санкт-Петербург,Продукты,6251.0,1860.0,4391.0,5,16.0
2025,3,Санкт-Петербург,Электроника,33532.0,-6451.0,39983.0,3,4.0
2025,4,Екатеринбург,Канцтовары,15593.0,7753.0,7840.0,8,33.0
2025,4,Екатеринбург,Продукты,1727.0,491.0,1236.0,1,3.0
2025,4,Екатеринбург,Электроника,49564.0,10344.0,39221.0,2,2.0
2025,4,Казань,Бытовая техника,52113.0,14924.0,37189.0,3,10.0
2025,4,Казань,Канцтовары,3028.0,1391.0,1637.0,1,6.0
2025,4,Казань,Одежда,28195.0,12757.0,15437.0,2,3.0
2025,4,Казань,Продукты,3405.0,932.0,2474.0,4,11.0
2025,4,Москва,Бытовая техника,44595.0,11336.0,33259.0,4,6.0
2025,4,Москва,Канцтовары,15652.0,7732.0,7920.0,5,23.0
2025,4,Москва,Одежда,72571.0,31541.0,41030.0,5,11.0
2025,4,Москва,Электроника,128509.0,26547.0,101962.0,3,6.0
2025,4,Новосибирск,Бытовая техника,9404.0,2633.0,6771.0,2,2.0
2025,4,Новосибирск,Канцтовары,1117.0,605.0,513.0,2,2.0
2025,4,Новосибирск,Одежда,8575.0,3811.0,4764.0,2,5.0
2025,4,Новосибирск,Продукты,546.0,133.0,413.0,2,2.0
2025,4,Новосибирск,Электроника,7112.0,1462.0,5650.0,2,2.0
2025,4,Ростов-на-Дону,Бытовая техника,3658.0,989.0,2670.0,1,1.0
2025,4,Ростов-на-Дону,Одежда,67688.0,26226.0,41462.0,3,9.0
2025,4,Ростов-на-Дону,Продукты,1190.0,409.0,781.0,2,2.0
2025,4,Ростов-на-Дону,Электроника,4830.0,970.0,3860.0,1,1.0
2025,4,Самара,Бытовая техника,13741.0,4456.0,9285.0,1,4.0
2025,4,Самара,Канцтовары,6458.0,3189.0,3269.0,3,17.0
2025,4,Самара,Одежда,58496.0,25286.0,33211.0,3,11.0
2025,4,Самара,Продукты,1496.0,405.0,1091.0,2,3.0
2025,4,Самара,Электроника,45313.0,11501.0,33812.0,1,2.0
2025,4,Санкт-Петербург,Канцтовары,2746.0,1144.0,1601.0,2,4.0
2025,4,Санкт-Петербург,Одежда,11582.0,5035.0,6546.0,2,2.0
2025,4,Санкт-Петербург,Продукты,3392.0,928.0,2464.0,4,7.0
2025,4,Санкт-Петербург,Электроника,58241.0,13397.0,44843.0,1,3.0
2025,5,Екатеринбург,Бытовая техника,44695.0,12581.0,32114.0,3,10.0
2025,5,Екатеринбург,Канцтовары,2196.0,1180.0,1016.0,1,2.0
2025,5,Екатеринбург,Одежда,16855.0,7568.0,9286.0,2,3.0
2025,5,Казань,Канцтовары,1276.0,557.0,719.0,1,1.0
2025,5,Казань,Одежда,11088.0,4257.0,6831.0,2,2.0
2025,5,Казань,Продукты,1079.0,350.0,729.0,1,4.0
2025,5,Москва,Бытовая техника,66873.0,18308.0,48566.0,3,13.0
2025,5,Москва,Канцтовары,3523.0,1611.0,1912.0,4,7.0
2025,5,Москва,Одежда,149680.0,64776.0,84904.0,7,34.0
2025,5,Москва,Продукты,13978.0,4208.0,9771.0,7,24.0
2025,5,Москва,Электроника,9718.0,1962.0,7756.0,2,2.0
2025,5,Новосибирск,Бытовая техника,26869.0,7668.0,19201.0,2,9.0
2025,5,Новосибирск,Канцтовары,329.0,135.0,193.0,1,1.0
2025,5,Новосибирск,Одежда,7651.0,3786.0,3864.0,1,4.0
2025,5,Новосибирск,Продукты,9643.0,2868.0,6774.0,2,10.0
2025,5,Ростов-на-Дону,Канцтовары,13923.0,7374.0,6549.0,3,27.0
2025,5,Ростов-на-Дону,Одежда,18333.0,8374.0,9959.0,3,5.0
2025,5,Ростов-на-Дону,Продукты,985.0,263.0,722.0,1,1.0
2025,5,Ростов-на-Дону,Электроника,24933.0,5909.0,19024.0,1,4.0
2025,5,Самара,Бытовая техника,54891.0,16609.0,38282.0,3,11.0
2025,5,Самара,Канцтовары,5216.0,4652.0,565.0,2,3.0
2025,5,Самара,Одежда,19308.0,7961.0,11347.0,1,4.0
2025,5,Самара,Продукты,5805.0,4788.0,1017.0,2,2.0
2025,5,Самара,Электроника,41190.0,9303.0,31887.0,2,7.0
2025,5,Санкт-Петербург,Бытовая техника,111834.0,31517.0,80316.0,5,15.0
2025,5,Санкт-Петербург,Канцтовары,448.0,237.0,211.0,1,1.0
2025,5,Санкт-Петербург,Одежда,71758.0,37370.0,34388.0,3,10.0
2025,5,Санкт-Петербург,Электроника,75507.0,13505.0,62002.0,1,4.0
2025,6,Екатеринбург,Бытовая техника,46026.0,14506.0,31520.0,1,2.0
2025,6,Екатеринбург,Канцтовары,5614.0,2723.0,2892.0,5,9.0
2025,6,Екатеринбург,Продукты,4309.0,1443.0,2865.0,4,11.0
2025,6,Екатеринбург,Электроника,24872.0,4759.0,20113.0,1,5.0
2025,6,Казань,Бытовая техника,11187.0,3299.0,7888.0,1,1.0
2025,6,Казань,Одежда,7303.0,3736.0,3567.0,1,1.0
2025,6,Москва,Бытовая техника,106246.0,32141.0,74105.0,6,15.0
2025,6,Москва,Канцтовары,9585.0,5018.0,4567.0,6,13.0
2025,6,Москва,Одежда,223989.0,97192.0,126798.0,8,29.0
2025,6,Москва,Продукты,3417.0,1094.0,2323.0,2,8.0
2025,6,Москва,Электроника,42707.0,9224.0,33482.0,4,5.0
2025,6,Новосибирск,Бытовая техника,4739.0,1234.0,3504.0,1,1.0
2025,6,Новосибирск,Канцтовары,5545.0,2401.0,3143.0,4,8.0
2025,6,Новосибирск,Одежда,30789.0,14012.0,16777.0,3,7.0
2025,6,Новосибирск,Продукты,655.0,225.0,430.0,1,1.0
2025,6,Новосибирск,Электроника,50115.0,11217.0,38898.0,1,2.0
2025,6,Ростов-на-Дону,Бытовая техника,3256.0,925.0,2331.0,1,1.0
2025,6,Ростов-на-Дону,Электроника,58782.0,14970.0,43812.0,2,3.0
2025,6,Самара,Бытовая техника,6330.0,1812.0,4518.0,1,2.0
2025,6,Самара,Продукты,4497.0,1409.0,3087.0,2,5.0
2025,6,Самара,Электроника,6260.0,1197.0,5064.0,1,1.0
2025,6,Санкт-Петербург,Бытовая техника,7327.0,1884.0,5442.0,2,2.0
2025,6,Санкт-Петербург,Канцтовары,6029.0,5294.0,735.0,2,2.0
2025,6,Санкт-Петербург,Одежда,69258.0,35109.0,34148.0,4,9.0
2025,7,Екатеринбург,Одежда,16951.0,7708.0,9244.0,2,3.0
2025,7,Екатеринбург,Продукты,904.0,248.0,656.0,1,1.0
2025,7,Екатеринбург,Электроника,20250.0,3763.0,16487.0,1,1.0
2025,7,Казань,Бытовая техника,8963.0,2397.0,6566.0,2,2.0
2025,7,Казань,Канцтовары,2868.0,1715.0,1152.0,2,6.0
2025,7,Казань,Одежда,19433.0,7451.0,11982.0,2,7.0
2025,7,Казань,Продукты,3894.0,1136.0,2758.0,4,7.0
2025,7,Москва,Бытовая техника,85935.0,25763.0,60172.0,8,10.0
2025,7,Москва,Канцтовары,355.0,173.0,182.0,1,1.0
2025,7,Москва,Одежда,70437.0,31152.0,39285.0,2,9.0
2025,7,Москва,Продукты,6374.0,4251.0,2123.0,5,6.0
2025,7,Москва,Электроника,22888.0,-2465.0,25353.0,3,7.0
2025,7,Новосибирск,Бытовая техника,37263.0,9429.0,27833.0,2,5.0
2025,7,Новосибирск,Канцтовары,1515.0,842.0,673.0,2,2.0
2025,7,Новосибирск,Электроника,12232.0,2465.0,9767.0,1,2.0
2025,7,Ростов-на-Дону,Бытовая техника,57062.0,-6558.0,63620.0,4,17.0
2025,7,Ростов-на-Дону,Канцтовары,3249.0,1892.0,1357.0,1,9.0
2025,7,Самара,Бытовая техника,9772.0,2809.0,6963.0,1,2.0
2025,7,Самара,Канцтовары,377.0,195.0,182.0,1,1.0
2025,7,Самара,Одежда,7077.0,3333.0,3744.0,2,4.0
2025,7,Санкт-Петербург,Канцтовары,1921.0,822.0,1099.0,1,3.0
2025,7,Санкт-Петербург,Одежда,4806.0,2304.0,2502.0,1,1.0
2025,7,Санкт-Петербург,Продукты,2332.0,740.0,1591.0,3,6.0
2025,7,Санкт-Петербург,Электроника,68234.0,17763.0,50471.0,2,3.0
2025,8,Екатеринбург,Канцтовары,13383.0,6519.0,6865.0,2,14.0
2025,8,Екатеринбург,Одежда,16377.0,7413.0,8963.0,2,2.0
2025,8,Екатеринбург,Продукты,3323.0,855.0,2468.0,2,6.0
2025,8,Екатеринбург,Электроника,4830.0,-27406.0,32236.0,1,2.0
2025,8,Казань,Бытовая техника,35927.0,8826.0,27101.0,1,3.0
2025,8,Казань,Канцтовары,1206.0,596.0,610.0,1,1.0
2025,8,Казань,Одежда,19660.0,7507.0,12153.0,2,4.0
2025,8,Казань,Продукты,1673.0,466.0,1207.0,1,3.0
2025,8,Казань,Электроника,18231.0,4580.0,13651.0,1,1.0
2025,8,Москва,Бытовая техника,109656.0,31967.0,77689.0,4,14.0
2025,8,Москва,Канцтовары,2707.0,1462.0,1245.0,2,3.0
2025,8,Москва,Одежда,61551.0,29649.0,31902.0,5,10.0
2025,8,Москва,Продукты,6461.0,1798.0,4664.0,8,11.0
2025,8,Москва,Электроника,517370.0,104721.0,412649.0,9,29.0
2025,8,Новосибирск,Бытовая техника,3102.0,856.0,2246.0,1,1.0
2025,8,Новосибирск,Канцтовары,3321.0,1484.0,1837.0,2,5.0
2025,8,Новосибирск,Одежда,5898.0,2203.0,3695.0,1,1.0
2025,8,Новосибирск,Электроника,38976.0,9217.0,29759.0,2,7.0
2025,8,Ростов-на-Дону,Бытовая техника,57843.0,18066.0,39777.0,3,9.0
2025,8,Ростов-на-Дону,Канцтовары,1589.0,850.0,739.0,2,2.0
2025,8,Ростов-на-Дону,Одежда,20791.0,11117.0,9675.0,2,3.0
2025,8,Ростов-на-Дону,Продукты,229.0,77.0,152.0,1,1.0
2025,8,Ростов-на-Дону,Электроника,67352.0,17230.0,50122.0,2,4.0
2025,8,Самара,Бытовая техника,5885.0,1598.0,4287.0,1,2.0
2025,8,Самара,Одежда,13528.0,6492.0,7037.0,2,2.0
2025,8,Самара,Продукты,1830.0,506.0,1324.0,1,2.0
2025,8,Санкт-Петербург,Бытовая техника,6393.0,2009.0,4384.0,1,2.0
2025,8,Санкт-Петербург,Канцтовары,13716.0,6015.0,7701.0,5,14.0
2025,8,Санкт-Петербург,Одежда,38951.0,17555.0,21396.0,4,11.0
2025,8,Санкт-Петербург,Продукты,6095.0,1510.0,4585.0,2,4.0
2025,8,Санкт-Петербург,Электроника,148651.0,35237.0,113414.0,3,13.0
2025,9,Екатеринбург,Бытовая техника,21080.0,6664.0,14416.0,2,3.0
2025,9,Екатеринбург,Одежда,31186.0,12257.0,18928.0,1,8.0
2025,9,Екатеринбург,Электроника,16049.0,3615.0,12434.0,2,4.0
2025,9,Казань,Бытовая техника,22216.0,5734.0,16482.0,1,7.0
2025,9,Казань,Продукты,889.0,304.0,585.0,1,1.0
2025,9,Москва,Бытовая техника,73933.0,22758.0,51175.0,4,13.0
2025,9,Москва,Канцтовары,6868.0,3625.0,3244.0,7,12.0
2025,9,Москва,Одежда,70085.0,33316.0,36769.0,5,12.0
2025,9,Москва,Продукты,7243.0,2251.0,4992.0,5,20.0
2025,9,Москва,Электроника,50341.0,-6752.0,57093.0,4,5.0
2025,9,Новосибирск,Бытовая техника,10197.0,3080.0,7117.0,1,2.0
2025,9,Новосибирск,Канцтовары,6762.0,3076.0,3686.0,2,16.0
2025,9,Новосибирск,Одежда,15272.0,7030.0,8242.0,2,2.0
2025,9,Новосибирск,Продукты,2507.0,752.0,1754.0,1,3.0
2025,9,Новосибирск,Электроника,105267.0,-1720.0,106988.0,4,9.0
2025,9,Ростов-на-Дону,Бытовая техника,9576.0,2556.0,7021.0,2,3.0
2025,9,Ростов-на-Дону,Канцтовары,1355.0,606.0,749.0,1,3.0
2025,9,Ростов-на-Дону,Продукты,588.0,144.0,445.0,1,1.0
2025,9,Самара,Бытовая техника,3641.0,1181.0,2460.0,1,1.0
2025,9,Самара,Одежда,16607.0,8767.0,7840.0,1,2.0
2025,9,Самара,Продукты,907.0,226.0,681.0,1,1.0
2025,9,Самара,Электроника,165413.0,37272.0,128141.0,5,8.0
2025,9,Санкт-Петербург,Бытовая техника,51683.0,12452.0,39232.0,4,16.0
2025,9,Санкт-Петербург,Канцтовары,23674.0,11171.0,12503.0,6,24.0
2025,9,Санкт-Петербург,Одежда,12317.0,5306.0,7011.0,2,3.0
2025,9,Санкт-Петербург,Продукты,937.0,322.0,615.0,1,2.0
2025,10,Екатеринбург,Бытовая техника,3253.0,900.0,2353.0,1,1.0
2025,10,Екатеринбург,Канцтовары,815.0,460.0,355.0,2,2.0
2025,10,Екатеринбург,Одежда,29579.0,11456.0,18123.0,3,5.0
2025,10,Екатеринбург,Продукты,475.0,143.0,332.0,1,1.0
2025,10,Екатеринбург,Электроника,5785.0,1492.0,4293.0,1,1.0
2025,10,Казань,Бытовая техника,28411.0,8719.0,19692.0,3,8.0
2025,10,Казань,Одежда,119877.0,55510.0,64367.0,2,16.0
2025,10,Казань,Продукты,1302.0,357.0,946.0,2,2.0
2025,10,Казань,Электроника,48283.0,11659.0,36624.0,1,2.0
2025,10,Москва,Бытовая техника,19239.0,5006.0,14233.0,3,3.0
2025,10,Москва,Канцтовары,3957.0,2316.0,1641.0,2,3.0
2025,10,Москва,Одежда,60146.0,-1094.0,61239.0,5,18.0
2025,10,Москва,Продукты,3780.0,967.0,2813.0,4,7.0
2025,10,Москва,Электроника,69970.0,16139.0,53832.0,3,7.0
2025,10,Новосибирск,Бытовая техника,5660.0,1619.0,4040.0,1,1.0
2025,10,Новосибирск,Канцтовары,978.0,506.0,472.0,1,2.0
2025,10,Новосибирск,Одежда,8813.0,3274.0,5539.0,1,1.0
2025,10,Новосибирск,Продукты,1534.0,445.0,1089.0,3,3.0
2025,10,Новосибирск,Электроника,28638.0,5515.0,23123.0,3,3.0
2025,10,Ростов-на-Дону,Бытовая техника,71142.0,20826.0,50316.0,3,12.0
2025,10,Ростов-на-Дону,Канцтовары,1949.0,1037.0,912.0,1,4.0
2025,10,Ростов-на-Дону,Продукты,900.0,305.0,595.0,1,1.0
2025,10,Самара,Бытовая техника,56385.0,18447.0,37938.0,4,8.0
2025,10,Самара,Канцтовары,1119.0,508.0,611.0,1,3.0
2025,10,Самара,Одежда,9263.0,4178.0,5084.0,1,1.0
2025,10,Самара,Продукты,491.0,119.0,373.0,1,2.0
2025,10,Самара,Электроника,5244.0,1248.0,3996.0,1,1.0
2025,10,Санкт-Петербург,Бытовая техника,30267.0,6984.0,23283.0,1,7.0
2025,10,Санкт-Петербург,Канцтовары,6001.0,4477.0,1524.0,2,4.0
2025,10,Санкт-Петербург,Одежда,16703.0,6949.0,9754.0,3,6.0
2025,10,Санкт-Петербург,Продукты,5010.0,1440.0,3571.0,3,16.0
2025,10,Санкт-Петербург,Электроника,54073.0,12924.0,41148.0,4,8.0
2025,11,Екатеринбург,Одежда,4003.0,1454.0,2549.0,1,2.0
2025,11,Екатеринбург,Продукты,509.0,158.0,351.0,1,1.0
2025,11,Казань,Бытовая техника,12629.0,3499.0,9130.0,1,1.0
2025,11,Казань,Одежда,8979.0,3574.0,5406.0,1,1.0
2025,11,Казань,Продукты,752.0,183.0,569.0,1,3.0
2025,11,Казань,Электроника,5850.0,1154.0,4695.0,1,1.0
2025,11,Москва,Бытовая техника,257660.0,71955.0,185705.0,8,27.0
2025,11,Москва,Канцтовары,9708.0,4979.0,4730.0,4,8.0
2025,11,Москва,Одежда,20911.0,9761.0,11150.0,3,6.0
2025,11,Москва,Продукты,11872.0,3274.0,8598.0,5,23.0
2025,11,Москва,Электроника,349290.0,67198.0,282092.0,10,30.0
2025,11,Новосибирск,Бытовая техника,25006.0,6190.0,18817.0,1,6.0
2025,11,Новосибирск,Одежда,42873.0,19850.0,23023.0,1,7.0
2025,11,Новосибирск,Продукты,5460.0,1714.0,3746.0,1,6.0
2025,11,Новосибирск,Электроника,171215.0,42570.0,128645.0,3,8.0
2025,11,Ростов-на-Дону,Бытовая техника,34916.0,10841.0,24075.0,1,2.0
2025,11,Ростов-на-Дону,Одежда,39369.0,18629.0,20740.0,2,8.0
2025,11,Ростов-на-Дону,Электроника,33203.0,6525.0,26678.0,1,2.0
2025,11,Самара,Бытовая техника,9660.0,-7074.0,16733.0,2,4.0
2025,11,Самара,Канцтовары,3982.0,1872.0,2110.0,3,5.0
2025,11,Самара,Одежда,4116.0,1652.0,2464.0,1,1.0
2025,11,Самара,Электроника,149483.0,35376.0,114107.0,1,2.0
2025,11,Санкт-Петербург,Бытовая техника,52222.0,13589.0,38632.0,3,8.0
2025,11,Санкт-Петербург,Канцтовары,742.0,349.0,393.0,2,2.0
2025,11,Санкт-Петербург,Одежда,59912.0,28798.0,31114.0,3,8.0
2025,11,Санкт-Петербург,Продукты,10251.0,3227.0,7024.0,4,14.0
2025,11,Санкт-Петербург,Электроника,4830.0,-12785.0,17615.0,1,7.0
2025,12,Екатеринбург,Бытовая техника,87705.0,22832.0,64873.0,1,7.0
2025,12,Екатеринбург,Канцтовары,12630.0,6515.0,6115.0,4,17.0
2025,12,Екатеринбург,Одежда,9170.0,3902.0,5268.0,1,1.0
2025,12,Екатеринбург,Электроника,63043.0,13285.0,49759.0,2,5.0
2025,12,Казань,Бытовая техника,164510.0,45408.0,119102.0,5,35.0
2025,12,Казань,Канцтовары,1995.0,1056.0,939.0,2,3.0
2025,12,Казань,Одежда,10391.0,4603.0,5788.0,2,3.0
2025,12,Казань,Электроника,3887.0,709.0,3178.0,1,1.0
2025,12,Москва,Бытовая техника,97368.0,27629.0,69739.0,4,14.0
2025,12,Москва,Канцтовары,14726.0,7164.0,7562.0,5,15.0
2025,12,Москва,Одежда,271912.0,120014.0,151898.0,9,41.0
2025,12,Москва,Продукты,18877.0,7987.0,10890.0,7,29.0
2025,12,Москва,Электроника,377651.0,-235670.0,613321.0,6,38.0
2025,12,Новосибирск,Бытовая техника,25857.0,8484.0,17374.0,1,2.0
2025,12,Новосибирск,Одежда,48302.0,21757.0,26545.0,1,8.0
2025,12,Новосибирск,Продукты,966.0,311.0,656.0,1,4.0
2025,12,Новосибирск,Электроника,18879.0,4569.0,14311.0,1,1.0
2025,12,Ростов-на-Дону,Бытовая техника,3295.0,1034.0,2262.0,1,1.0
2025,12,Ростов-на-Дону,Канцтовары,990.0,534.0,457.0,1,2.0
2025,12,Ростов-на-Дону,Одежда,231692.0,91946.0,139746.0,3,52.0
2025,12,Ростов-на-Дону,Продукты,2556.0,845.0,1711.0,2,8.0
2025,12,Самара,Бытовая техника,5263.0,1348.0,3915.0,1,1.0
2025,12,Самара,Канцтовары,6989.0,3512.0,3477.0,1,17.0
2025,12,Самара,Одежда,5518.0,2341.0,3178.0,2,3.0
2025,12,Самара,Электроника,29320.0,5987.0,23333.0,2,2.0
2025,12,Санкт-Петербург,Бытовая техника,31655.0,1100.0,30555.0,3,7.0
2025,12,Санкт-Петербург,Канцтовары,14144.0,6573.0,7571.0,2,14.0
2025,12,Санкт-Петербург,Одежда,55347.0,23404.0,31942.0,3,10.0
2025,12,Санкт-Петербург,Продукты,13560.0,4069.0,9491.0,3,24.0
2025,12,Санкт-Петербург,Электроника,6009.0,1387.0,4622.0,1,1.0
